1	EuGH-Urteil stärkt Eltern	This is a fake reference.	ECJ ruling strengthens parents	ECJ ruling strengthens parents
1	<h1>Erziehungszeit im EU-Ausland zählt für Rente</h1>	This is a fake reference.	<h1>Parental leave in another EU country counts towards pension</h1>	<h1>Parenting time in another EU country counts towards your pension</h1>
1	Stand: 22.02.2024 16:49 Uhr	This is a fake reference.	Last updated: 22.02.2024 16:49	As of: February 22, 2024 4:49 p.m
1	<emph>Erziehungszeiten im EU-Ausland können laut EuGH auch dann bei der Rente berücksichtigt werden, wenn zuvor nicht in die deutsche Rentenkasse eingezahlt wurde. Konkret ging es um eine Deutsche, die lange in den Niederlanden wohnte.</emph>	This is a fake reference.	<emph>According to the ECJ, child-rearing periods in other EU countries can also be taken into account in the pension if no previous payment has been made into the German pension fund. Specifically, it was about a German woman who had lived in the Netherlands for a long time.</emph>	<emph>According to the ECJ, parenting periods in other EU countries can be taken into account in the pension even if they have not previously been paid into the German pension fund. Specifically, it was about a German woman who had lived in the Netherlands for a long time.</emph>
1	Von Alena Lagmöller, ARD-Rechtsredaktion	This is a fake reference.	By Alena Lagmöller, ARD legal department	By Alena Lagmöller, ARD Legal Editor
1	EU-Bürger genießen Freizügigkeit - sie haben das Recht, sich frei zwischen den Mitgliedsstaaten zu bewegen. Arbeitszeiten, die im EU-Ausland verrichtet werden, werden auf den inländischen Rentenanspruch angerechnet.Doch wer im Ausland Kinder erzogen hat, der muss mitunter um eine Anrechnung der Zeiten auf den Rentenanspruch kämpfen.	This is a fake reference.	EU citizens enjoy freedom of movement - they have the right to move freely between member states. Working hours worked in other EU countries are counted towards the domestic pension entitlement. However, those who have raised children abroad sometimes have to fight for their periods to be counted towards their pension entitlement.	EU citizens enjoy freedom of movement - they have the right to move freely between member states. Working hours carried out in other EU countries are counted towards the domestic pension entitlement. But those who have raised children abroad sometimes have to fight for their periods to be counted towards their pension entitlement.
1	So erging es auch einer Frau aus dem deutsch-niederländischen Grenzgebiet: Sie hat vor dem Landessozialgericht Nordrhein-Westfalen geklagt, weil die Deutsche Rentenversicherung ihre Kindererziehungszeit in den Niederlanden nicht anrechnen wollte. Die Klägerin wohnte viele Jahre in den Niederlanden in der Nähe von Aachen. Ihre Ausbildung hatte sie als Grenzgängerin in Aachen absolviert, war aber nie sozialversicherungspflichtig tätig. Sie bekam zwei Kinder, die sie in den Niederlanden aufgezogen hatte und war währenddessen nicht berufstätig. Erst viele Jahre später zog sie nach Deutschland und zahlte dann erstmals in die Rentenkasse ein.	This is a fake reference.	This is what happened to a woman from the German-Dutch border area: She filed a lawsuit before the Regional Social Court of North Rhine-Westphalia because the German pension insurance did not want to take into account her child-rearing time in the Netherlands. The plaintiff lived for many years in the Netherlands, near Aachen. She had completed her training as a cross-border commuter in Aachen, but was never subject to social security contributions. She had two children whom she had raised in the Netherlands and was not working during this time. It was not until many years later that she moved to Germany and paid into the pension fund for the first time.	This is what happened to a woman from the German-Dutch border area: She sued the state social court of North Rhine-Westphalia because the German pension insurance did not want to take into account the time she spent raising children in the Netherlands. The plaintiff lived in the Netherlands near Aachen for many years. She completed her training as a cross-border commuter in Aachen, but was never subject to social security contributions. She had two children who she raised in the Netherlands and did not work during this time. It was only many years later that she moved to Germany and then paid into the pension fund for the first time.
1	<h2>Kein Unterschied zwischen Erziehung im In- und Ausland</h2>	This is a fake reference.	<h2>No difference between education at home and abroad</h2>	<h2>No difference between education at home and abroad</h2>
1	Als die Frau erwerbsunfähig wurde, rechnete die Deutsche Rentenversicherung die Kindererziehungszeit in den Niederlanden nicht auf ihren Rentenanspruch an. Der Europäische Gerichtshof sieht das anders: Für die Anrechnung kommt es darauf an, ob zwischen der Kindererziehungszeit im Ausland und der Versicherungszeit im Inland eine "hinreichende Verbindung" besteht.	This is a fake reference.	When the woman became unable to work, the German pension insurance did not count the child-rearing period in the Netherlands against her pension entitlement. The European Court of Justice takes a different view: for the purposes of crediting, it depends on whether there is a "sufficient connection" between the child-rearing period abroad and the insurance period in Germany.	When the woman became unable to work, the German pension insurance did not count the time spent raising children in the Netherlands towards her pension entitlement. The European Court of Justice sees it differently: For the credit to be taken into account, it depends on whether there is a “sufficient connection” between the time spent raising children abroad and the insurance time at home.
1	Dieses Kriterium hat der EuGH bereits in früheren Entscheidungen entwickelt. Deswegen war schon länger klar, dass grundsätzlich auch Kindererziehungszeiten im EU-Ausland bei der Rentenberechnung berücksichtigt werden müssen. Neu ist aber, dass eine "hinreichende Verbindung" selbst dann besteht, wenn die Betroffene vor der Kindererziehungszeit im Ausland keine Beiträge in die Rentenversicherung eingezahlt hat.	This is a fake reference.	This criterion has already been developed by the ECJ in previous decisions. For this reason, it has been clear for some time that child-rearing periods in other EU countries must also be taken into account when calculating pensions. What is new, however, is that there is a "sufficient connection" even if the person concerned did not pay any contributions to the pension insurance scheme before the child-rearing period abroad.	The ECJ has already developed this criterion in previous decisions. It has therefore been clear for some time that, in principle, periods spent raising children in other EU countries must also be taken into account when calculating pensions. What is new, however, is that there is a “sufficient connection” even if the person concerned did not pay any contributions to the pension insurance before raising children abroad.
2	EuGH-Urteil stärkt Eltern	This is a fake reference.	ECJ ruling strengthens parents	ECJ ruling strengthens parents
2	<h1>Erziehungszeit im EU-Ausland zählt für Rente</h1>	This is a fake reference.	<h1>Parental leave in another EU country counts towards pension</h1>	<h1>Parenting time in another EU country counts towards your pension</h1>
2	Stand: 22.02.2024 16:49 Uhr	This is a fake reference.	Last updated: 22.02.2024 16:49	As of: February 22, 2024 4:49 p.m
2	<emph>Erziehungszeiten im EU-Ausland können laut EuGH auch dann bei der Rente berücksichtigt werden, wenn zuvor nicht in die deutsche Rentenkasse eingezahlt wurde. Konkret ging es um eine Deutsche, die lange in den Niederlanden wohnte.</emph>	This is a fake reference.	<emph>According to the ECJ, child-rearing periods in other EU countries can also be taken into account in the pension if no previous payment has been made into the German pension fund. Specifically, it was about a German woman who had lived in the Netherlands for a long time.</emph>	<emph>According to the ECJ, parenting periods in other EU countries can be taken into account in the pension even if they have not previously been paid into the German pension fund. Specifically, it was about a German woman who had lived in the Netherlands for a long time.</emph>
2	Von Alena Lagmöller, ARD-Rechtsredaktion	This is a fake reference.	By Alena Lagmöller, ARD legal department	By Alena Lagmöller, ARD Legal Editor
2	EU-Bürger genießen Freizügigkeit - sie haben das Recht, sich frei zwischen den Mitgliedsstaaten zu bewegen. Arbeitszeiten, die im EU-Ausland verrichtet werden, werden auf den inländischen Rentenanspruch angerechnet.Doch wer im Ausland Kinder erzogen hat, der muss mitunter um eine Anrechnung der Zeiten auf den Rentenanspruch kämpfen.	This is a fake reference.	EU citizens enjoy freedom of movement - they have the right to move freely between member states. Working hours worked in other EU countries are counted towards the domestic pension entitlement. However, those who have raised children abroad sometimes have to fight for their periods to be counted towards their pension entitlement.	EU citizens enjoy freedom of movement - they have the right to move freely between member states. Working hours carried out in other EU countries are counted towards the domestic pension entitlement. But those who have raised children abroad sometimes have to fight for their periods to be counted towards their pension entitlement.
2	So erging es auch einer Frau aus dem deutsch-niederländischen Grenzgebiet: Sie hat vor dem Landessozialgericht Nordrhein-Westfalen geklagt, weil die Deutsche Rentenversicherung ihre Kindererziehungszeit in den Niederlanden nicht anrechnen wollte. Die Klägerin wohnte viele Jahre in den Niederlanden in der Nähe von Aachen. Ihre Ausbildung hatte sie als Grenzgängerin in Aachen absolviert, war aber nie sozialversicherungspflichtig tätig. Sie bekam zwei Kinder, die sie in den Niederlanden aufgezogen hatte und war währenddessen nicht berufstätig. Erst viele Jahre später zog sie nach Deutschland und zahlte dann erstmals in die Rentenkasse ein.	This is a fake reference.	This is what happened to a woman from the German-Dutch border area: She filed a lawsuit before the Regional Social Court of North Rhine-Westphalia because the German pension insurance did not want to take into account her child-rearing time in the Netherlands. The plaintiff lived for many years in the Netherlands, near Aachen. She had completed her training as a cross-border commuter in Aachen, but was never subject to social security contributions. She had two children whom she had raised in the Netherlands and was not working during this time. It was not until many years later that she moved to Germany and paid into the pension fund for the first time.	This is what happened to a woman from the German-Dutch border area: She sued the state social court of North Rhine-Westphalia because the German pension insurance did not want to take into account the time she spent raising children in the Netherlands. The plaintiff lived in the Netherlands near Aachen for many years. She completed her training as a cross-border commuter in Aachen, but was never subject to social security contributions. She had two children who she raised in the Netherlands and did not work during this time. It was only many years later that she moved to Germany and then paid into the pension fund for the first time.
2	<h2>Kein Unterschied zwischen Erziehung im In- und Ausland</h2>	This is a fake reference.	<h2>No difference between education at home and abroad</h2>	<h2>No difference between education at home and abroad</h2>
2	Als die Frau erwerbsunfähig wurde, rechnete die Deutsche Rentenversicherung die Kindererziehungszeit in den Niederlanden nicht auf ihren Rentenanspruch an. Der Europäische Gerichtshof sieht das anders: Für die Anrechnung kommt es darauf an, ob zwischen der Kindererziehungszeit im Ausland und der Versicherungszeit im Inland eine "hinreichende Verbindung" besteht.	This is a fake reference.	When the woman became unable to work, the German pension insurance did not count the child-rearing period in the Netherlands against her pension entitlement. The European Court of Justice takes a different view: for the purposes of crediting, it depends on whether there is a "sufficient connection" between the child-rearing period abroad and the insurance period in Germany.	When the woman became unable to work, the German pension insurance did not count the time spent raising children in the Netherlands towards her pension entitlement. The European Court of Justice sees it differently: For the credit to be taken into account, it depends on whether there is a “sufficient connection” between the time spent raising children abroad and the insurance time at home.
2	Dieses Kriterium hat der EuGH bereits in früheren Entscheidungen entwickelt. Deswegen war schon länger klar, dass grundsätzlich auch Kindererziehungszeiten im EU-Ausland bei der Rentenberechnung berücksichtigt werden müssen. Neu ist aber, dass eine "hinreichende Verbindung" selbst dann besteht, wenn die Betroffene vor der Kindererziehungszeit im Ausland keine Beiträge in die Rentenversicherung eingezahlt hat.	This is a fake reference.	This criterion has already been developed by the ECJ in previous decisions. For this reason, it has been clear for some time that child-rearing periods in other EU countries must also be taken into account when calculating pensions. What is new, however, is that there is a "sufficient connection" even if the person concerned did not pay any contributions to the pension insurance scheme before the child-rearing period abroad.	The ECJ has already developed this criterion in previous decisions. It has therefore been clear for some time that, in principle, periods spent raising children in other EU countries must also be taken into account when calculating pensions. What is new, however, is that there is a “sufficient connection” even if the person concerned did not pay any contributions to the pension insurance before raising children abroad.
3	EuGH-Urteil stärkt Eltern	This is a fake reference.	ECJ ruling strengthens parents	ECJ ruling strengthens parents
3	<h1>Erziehungszeit im EU-Ausland zählt für Rente</h1>	This is a fake reference.	<h1>Parental leave in another EU country counts towards pension</h1>	<h1>Parenting time in another EU country counts towards your pension</h1>
3	Stand: 22.02.2024 16:49 Uhr	This is a fake reference.	Last updated: 22.02.2024 16:49	As of: February 22, 2024 4:49 p.m
3	<emph>Erziehungszeiten im EU-Ausland können laut EuGH auch dann bei der Rente berücksichtigt werden, wenn zuvor nicht in die deutsche Rentenkasse eingezahlt wurde. Konkret ging es um eine Deutsche, die lange in den Niederlanden wohnte.</emph>	This is a fake reference.	<emph>According to the ECJ, child-rearing periods in other EU countries can also be taken into account in the pension if no previous payment has been made into the German pension fund. Specifically, it was about a German woman who had lived in the Netherlands for a long time.</emph>	<emph>According to the ECJ, parenting periods in other EU countries can be taken into account in the pension even if they have not previously been paid into the German pension fund. Specifically, it was about a German woman who had lived in the Netherlands for a long time.</emph>
3	Von Alena Lagmöller, ARD-Rechtsredaktion	This is a fake reference.	By Alena Lagmöller, ARD legal department	By Alena Lagmöller, ARD Legal Editor
3	EU-Bürger genießen Freizügigkeit - sie haben das Recht, sich frei zwischen den Mitgliedsstaaten zu bewegen. Arbeitszeiten, die im EU-Ausland verrichtet werden, werden auf den inländischen Rentenanspruch angerechnet.Doch wer im Ausland Kinder erzogen hat, der muss mitunter um eine Anrechnung der Zeiten auf den Rentenanspruch kämpfen.	This is a fake reference.	EU citizens enjoy freedom of movement - they have the right to move freely between member states. Working hours worked in other EU countries are counted towards the domestic pension entitlement. However, those who have raised children abroad sometimes have to fight for their periods to be counted towards their pension entitlement.	EU citizens enjoy freedom of movement - they have the right to move freely between member states. Working hours carried out in other EU countries are counted towards the domestic pension entitlement. But those who have raised children abroad sometimes have to fight for their periods to be counted towards their pension entitlement.
3	So erging es auch einer Frau aus dem deutsch-niederländischen Grenzgebiet: Sie hat vor dem Landessozialgericht Nordrhein-Westfalen geklagt, weil die Deutsche Rentenversicherung ihre Kindererziehungszeit in den Niederlanden nicht anrechnen wollte. Die Klägerin wohnte viele Jahre in den Niederlanden in der Nähe von Aachen. Ihre Ausbildung hatte sie als Grenzgängerin in Aachen absolviert, war aber nie sozialversicherungspflichtig tätig. Sie bekam zwei Kinder, die sie in den Niederlanden aufgezogen hatte und war währenddessen nicht berufstätig. Erst viele Jahre später zog sie nach Deutschland und zahlte dann erstmals in die Rentenkasse ein.	This is a fake reference.	This is what happened to a woman from the German-Dutch border area: She filed a lawsuit before the Regional Social Court of North Rhine-Westphalia because the German pension insurance did not want to take into account her child-rearing time in the Netherlands. The plaintiff lived for many years in the Netherlands, near Aachen. She had completed her training as a cross-border commuter in Aachen, but was never subject to social security contributions. She had two children whom she had raised in the Netherlands and was not working during this time. It was not until many years later that she moved to Germany and paid into the pension fund for the first time.	This is what happened to a woman from the German-Dutch border area: She sued the state social court of North Rhine-Westphalia because the German pension insurance did not want to take into account the time she spent raising children in the Netherlands. The plaintiff lived in the Netherlands near Aachen for many years. She completed her training as a cross-border commuter in Aachen, but was never subject to social security contributions. She had two children who she raised in the Netherlands and did not work during this time. It was only many years later that she moved to Germany and then paid into the pension fund for the first time.
3	<h2>Kein Unterschied zwischen Erziehung im In- und Ausland</h2>	This is a fake reference.	<h2>No difference between education at home and abroad</h2>	<h2>No difference between education at home and abroad</h2>
3	Als die Frau erwerbsunfähig wurde, rechnete die Deutsche Rentenversicherung die Kindererziehungszeit in den Niederlanden nicht auf ihren Rentenanspruch an. Der Europäische Gerichtshof sieht das anders: Für die Anrechnung kommt es darauf an, ob zwischen der Kindererziehungszeit im Ausland und der Versicherungszeit im Inland eine "hinreichende Verbindung" besteht.	This is a fake reference.	When the woman became unable to work, the German pension insurance did not count the child-rearing period in the Netherlands against her pension entitlement. The European Court of Justice takes a different view: for the purposes of crediting, it depends on whether there is a "sufficient connection" between the child-rearing period abroad and the insurance period in Germany.	When the woman became unable to work, the German pension insurance did not count the time spent raising children in the Netherlands towards her pension entitlement. The European Court of Justice sees it differently: For the credit to be taken into account, it depends on whether there is a “sufficient connection” between the time spent raising children abroad and the insurance time at home.
3	Dieses Kriterium hat der EuGH bereits in früheren Entscheidungen entwickelt. Deswegen war schon länger klar, dass grundsätzlich auch Kindererziehungszeiten im EU-Ausland bei der Rentenberechnung berücksichtigt werden müssen. Neu ist aber, dass eine "hinreichende Verbindung" selbst dann besteht, wenn die Betroffene vor der Kindererziehungszeit im Ausland keine Beiträge in die Rentenversicherung eingezahlt hat.	This is a fake reference.	This criterion has already been developed by the ECJ in previous decisions. For this reason, it has been clear for some time that child-rearing periods in other EU countries must also be taken into account when calculating pensions. What is new, however, is that there is a "sufficient connection" even if the person concerned did not pay any contributions to the pension insurance scheme before the child-rearing period abroad.	The ECJ has already developed this criterion in previous decisions. It has therefore been clear for some time that, in principle, periods spent raising children in other EU countries must also be taken into account when calculating pensions. What is new, however, is that there is a “sufficient connection” even if the person concerned did not pay any contributions to the pension insurance before raising children abroad.
4	EuGH-Urteil stärkt Eltern	This is a fake reference.	ECJ ruling strengthens parents	ECJ ruling strengthens parents
4	<h1>Erziehungszeit im EU-Ausland zählt für Rente</h1>	This is a fake reference.	<h1>Parental leave in another EU country counts towards pension</h1>	<h1>Parenting time in another EU country counts towards your pension</h1>
4	Stand: 22.02.2024 16:49 Uhr	This is a fake reference.	Last updated: 22.02.2024 16:49	As of: February 22, 2024 4:49 p.m
4	<emph>Erziehungszeiten im EU-Ausland können laut EuGH auch dann bei der Rente berücksichtigt werden, wenn zuvor nicht in die deutsche Rentenkasse eingezahlt wurde. Konkret ging es um eine Deutsche, die lange in den Niederlanden wohnte.</emph>	This is a fake reference.	<emph>According to the ECJ, child-rearing periods in other EU countries can also be taken into account in the pension if no previous payment has been made into the German pension fund. Specifically, it was about a German woman who had lived in the Netherlands for a long time.</emph>	<emph>According to the ECJ, parenting periods in other EU countries can be taken into account in the pension even if they have not previously been paid into the German pension fund. Specifically, it was about a German woman who had lived in the Netherlands for a long time.</emph>
4	Von Alena Lagmöller, ARD-Rechtsredaktion	This is a fake reference.	By Alena Lagmöller, ARD legal department	By Alena Lagmöller, ARD Legal Editor
4	EU-Bürger genießen Freizügigkeit - sie haben das Recht, sich frei zwischen den Mitgliedsstaaten zu bewegen. Arbeitszeiten, die im EU-Ausland verrichtet werden, werden auf den inländischen Rentenanspruch angerechnet.Doch wer im Ausland Kinder erzogen hat, der muss mitunter um eine Anrechnung der Zeiten auf den Rentenanspruch kämpfen.	This is a fake reference.	EU citizens enjoy freedom of movement - they have the right to move freely between member states. Working hours worked in other EU countries are counted towards the domestic pension entitlement. However, those who have raised children abroad sometimes have to fight for their periods to be counted towards their pension entitlement.	EU citizens enjoy freedom of movement - they have the right to move freely between member states. Working hours carried out in other EU countries are counted towards the domestic pension entitlement. But those who have raised children abroad sometimes have to fight for their periods to be counted towards their pension entitlement.
4	So erging es auch einer Frau aus dem deutsch-niederländischen Grenzgebiet: Sie hat vor dem Landessozialgericht Nordrhein-Westfalen geklagt, weil die Deutsche Rentenversicherung ihre Kindererziehungszeit in den Niederlanden nicht anrechnen wollte. Die Klägerin wohnte viele Jahre in den Niederlanden in der Nähe von Aachen. Ihre Ausbildung hatte sie als Grenzgängerin in Aachen absolviert, war aber nie sozialversicherungspflichtig tätig. Sie bekam zwei Kinder, die sie in den Niederlanden aufgezogen hatte und war währenddessen nicht berufstätig. Erst viele Jahre später zog sie nach Deutschland und zahlte dann erstmals in die Rentenkasse ein.	This is a fake reference.	This is what happened to a woman from the German-Dutch border area: She filed a lawsuit before the Regional Social Court of North Rhine-Westphalia because the German pension insurance did not want to take into account her child-rearing time in the Netherlands. The plaintiff lived for many years in the Netherlands, near Aachen. She had completed her training as a cross-border commuter in Aachen, but was never subject to social security contributions. She had two children whom she had raised in the Netherlands and was not working during this time. It was not until many years later that she moved to Germany and paid into the pension fund for the first time.	This is what happened to a woman from the German-Dutch border area: She sued the state social court of North Rhine-Westphalia because the German pension insurance did not want to take into account the time she spent raising children in the Netherlands. The plaintiff lived in the Netherlands near Aachen for many years. She completed her training as a cross-border commuter in Aachen, but was never subject to social security contributions. She had two children who she raised in the Netherlands and did not work during this time. It was only many years later that she moved to Germany and then paid into the pension fund for the first time.
4	<h2>Kein Unterschied zwischen Erziehung im In- und Ausland</h2>	This is a fake reference.	<h2>No difference between education at home and abroad</h2>	<h2>No difference between education at home and abroad</h2>
4	Als die Frau erwerbsunfähig wurde, rechnete die Deutsche Rentenversicherung die Kindererziehungszeit in den Niederlanden nicht auf ihren Rentenanspruch an. Der Europäische Gerichtshof sieht das anders: Für die Anrechnung kommt es darauf an, ob zwischen der Kindererziehungszeit im Ausland und der Versicherungszeit im Inland eine "hinreichende Verbindung" besteht.	This is a fake reference.	When the woman became unable to work, the German pension insurance did not count the child-rearing period in the Netherlands against her pension entitlement. The European Court of Justice takes a different view: for the purposes of crediting, it depends on whether there is a "sufficient connection" between the child-rearing period abroad and the insurance period in Germany.	When the woman became unable to work, the German pension insurance did not count the time spent raising children in the Netherlands towards her pension entitlement. The European Court of Justice sees it differently: For the credit to be taken into account, it depends on whether there is a “sufficient connection” between the time spent raising children abroad and the insurance time at home.
4	Dieses Kriterium hat der EuGH bereits in früheren Entscheidungen entwickelt. Deswegen war schon länger klar, dass grundsätzlich auch Kindererziehungszeiten im EU-Ausland bei der Rentenberechnung berücksichtigt werden müssen. Neu ist aber, dass eine "hinreichende Verbindung" selbst dann besteht, wenn die Betroffene vor der Kindererziehungszeit im Ausland keine Beiträge in die Rentenversicherung eingezahlt hat.	This is a fake reference.	This criterion has already been developed by the ECJ in previous decisions. For this reason, it has been clear for some time that child-rearing periods in other EU countries must also be taken into account when calculating pensions. What is new, however, is that there is a "sufficient connection" even if the person concerned did not pay any contributions to the pension insurance scheme before the child-rearing period abroad.	The ECJ has already developed this criterion in previous decisions. It has therefore been clear for some time that, in principle, periods spent raising children in other EU countries must also be taken into account when calculating pensions. What is new, however, is that there is a “sufficient connection” even if the person concerned did not pay any contributions to the pension insurance before raising children abroad.
5	EuGH-Urteil stärkt Eltern	This is a fake reference.	ECJ ruling strengthens parents	ECJ ruling strengthens parents
5	<h1>Erziehungszeit im EU-Ausland zählt für Rente</h1>	This is a fake reference.	<h1>Parental leave in another EU country counts towards pension</h1>	<h1>Parenting time in another EU country counts towards your pension</h1>
5	Stand: 22.02.2024 16:49 Uhr	This is a fake reference.	Last updated: 22.02.2024 16:49	As of: February 22, 2024 4:49 p.m
5	<emph>Erziehungszeiten im EU-Ausland können laut EuGH auch dann bei der Rente berücksichtigt werden, wenn zuvor nicht in die deutsche Rentenkasse eingezahlt wurde. Konkret ging es um eine Deutsche, die lange in den Niederlanden wohnte.</emph>	This is a fake reference.	<emph>According to the ECJ, child-rearing periods in other EU countries can also be taken into account in the pension if no previous payment has been made into the German pension fund. Specifically, it was about a German woman who had lived in the Netherlands for a long time.</emph>	<emph>According to the ECJ, parenting periods in other EU countries can be taken into account in the pension even if they have not previously been paid into the German pension fund. Specifically, it was about a German woman who had lived in the Netherlands for a long time.</emph>
5	Von Alena Lagmöller, ARD-Rechtsredaktion	This is a fake reference.	By Alena Lagmöller, ARD legal department	By Alena Lagmöller, ARD Legal Editor
5	EU-Bürger genießen Freizügigkeit - sie haben das Recht, sich frei zwischen den Mitgliedsstaaten zu bewegen. Arbeitszeiten, die im EU-Ausland verrichtet werden, werden auf den inländischen Rentenanspruch angerechnet.Doch wer im Ausland Kinder erzogen hat, der muss mitunter um eine Anrechnung der Zeiten auf den Rentenanspruch kämpfen.	This is a fake reference.	EU citizens enjoy freedom of movement - they have the right to move freely between member states. Working hours worked in other EU countries are counted towards the domestic pension entitlement. However, those who have raised children abroad sometimes have to fight for their periods to be counted towards their pension entitlement.	EU citizens enjoy freedom of movement - they have the right to move freely between member states. Working hours carried out in other EU countries are counted towards the domestic pension entitlement. But those who have raised children abroad sometimes have to fight for their periods to be counted towards their pension entitlement.
5	So erging es auch einer Frau aus dem deutsch-niederländischen Grenzgebiet: Sie hat vor dem Landessozialgericht Nordrhein-Westfalen geklagt, weil die Deutsche Rentenversicherung ihre Kindererziehungszeit in den Niederlanden nicht anrechnen wollte. Die Klägerin wohnte viele Jahre in den Niederlanden in der Nähe von Aachen. Ihre Ausbildung hatte sie als Grenzgängerin in Aachen absolviert, war aber nie sozialversicherungspflichtig tätig. Sie bekam zwei Kinder, die sie in den Niederlanden aufgezogen hatte und war währenddessen nicht berufstätig. Erst viele Jahre später zog sie nach Deutschland und zahlte dann erstmals in die Rentenkasse ein.	This is a fake reference.	This is what happened to a woman from the German-Dutch border area: She filed a lawsuit before the Regional Social Court of North Rhine-Westphalia because the German pension insurance did not want to take into account her child-rearing time in the Netherlands. The plaintiff lived for many years in the Netherlands, near Aachen. She had completed her training as a cross-border commuter in Aachen, but was never subject to social security contributions. She had two children whom she had raised in the Netherlands and was not working during this time. It was not until many years later that she moved to Germany and paid into the pension fund for the first time.	This is what happened to a woman from the German-Dutch border area: She sued the state social court of North Rhine-Westphalia because the German pension insurance did not want to take into account the time she spent raising children in the Netherlands. The plaintiff lived in the Netherlands near Aachen for many years. She completed her training as a cross-border commuter in Aachen, but was never subject to social security contributions. She had two children who she raised in the Netherlands and did not work during this time. It was only many years later that she moved to Germany and then paid into the pension fund for the first time.
5	<h2>Kein Unterschied zwischen Erziehung im In- und Ausland</h2>	This is a fake reference.	<h2>No difference between education at home and abroad</h2>	<h2>No difference between education at home and abroad</h2>
5	Als die Frau erwerbsunfähig wurde, rechnete die Deutsche Rentenversicherung die Kindererziehungszeit in den Niederlanden nicht auf ihren Rentenanspruch an. Der Europäische Gerichtshof sieht das anders: Für die Anrechnung kommt es darauf an, ob zwischen der Kindererziehungszeit im Ausland und der Versicherungszeit im Inland eine "hinreichende Verbindung" besteht.	This is a fake reference.	When the woman became unable to work, the German pension insurance did not count the child-rearing period in the Netherlands against her pension entitlement. The European Court of Justice takes a different view: for the purposes of crediting, it depends on whether there is a "sufficient connection" between the child-rearing period abroad and the insurance period in Germany.	When the woman became unable to work, the German pension insurance did not count the time spent raising children in the Netherlands towards her pension entitlement. The European Court of Justice sees it differently: For the credit to be taken into account, it depends on whether there is a “sufficient connection” between the time spent raising children abroad and the insurance time at home.
5	Dieses Kriterium hat der EuGH bereits in früheren Entscheidungen entwickelt. Deswegen war schon länger klar, dass grundsätzlich auch Kindererziehungszeiten im EU-Ausland bei der Rentenberechnung berücksichtigt werden müssen. Neu ist aber, dass eine "hinreichende Verbindung" selbst dann besteht, wenn die Betroffene vor der Kindererziehungszeit im Ausland keine Beiträge in die Rentenversicherung eingezahlt hat.	This is a fake reference.	This criterion has already been developed by the ECJ in previous decisions. For this reason, it has been clear for some time that child-rearing periods in other EU countries must also be taken into account when calculating pensions. What is new, however, is that there is a "sufficient connection" even if the person concerned did not pay any contributions to the pension insurance scheme before the child-rearing period abroad.	The ECJ has already developed this criterion in previous decisions. It has therefore been clear for some time that, in principle, periods spent raising children in other EU countries must also be taken into account when calculating pensions. What is new, however, is that there is a “sufficient connection” even if the person concerned did not pay any contributions to the pension insurance before raising children abroad.
6	EuGH-Urteil stärkt Eltern	This is a fake reference.	ECJ ruling strengthens parents	ECJ ruling strengthens parents
6	<h1>Erziehungszeit im EU-Ausland zählt für Rente</h1>	This is a fake reference.	<h1>Parental leave in another EU country counts towards pension</h1>	<h1>Parenting time in another EU country counts towards your pension</h1>
6	Stand: 22.02.2024 16:49 Uhr	This is a fake reference.	Last updated: 22.02.2024 16:49	As of: February 22, 2024 4:49 p.m
6	<emph>Erziehungszeiten im EU-Ausland können laut EuGH auch dann bei der Rente berücksichtigt werden, wenn zuvor nicht in die deutsche Rentenkasse eingezahlt wurde. Konkret ging es um eine Deutsche, die lange in den Niederlanden wohnte.</emph>	This is a fake reference.	<emph>According to the ECJ, child-rearing periods in other EU countries can also be taken into account in the pension if no previous payment has been made into the German pension fund. Specifically, it was about a German woman who had lived in the Netherlands for a long time.</emph>	<emph>According to the ECJ, parenting periods in other EU countries can be taken into account in the pension even if they have not previously been paid into the German pension fund. Specifically, it was about a German woman who had lived in the Netherlands for a long time.</emph>
6	Von Alena Lagmöller, ARD-Rechtsredaktion	This is a fake reference.	By Alena Lagmöller, ARD legal department	By Alena Lagmöller, ARD Legal Editor
6	EU-Bürger genießen Freizügigkeit - sie haben das Recht, sich frei zwischen den Mitgliedsstaaten zu bewegen. Arbeitszeiten, die im EU-Ausland verrichtet werden, werden auf den inländischen Rentenanspruch angerechnet.Doch wer im Ausland Kinder erzogen hat, der muss mitunter um eine Anrechnung der Zeiten auf den Rentenanspruch kämpfen.	This is a fake reference.	EU citizens enjoy freedom of movement - they have the right to move freely between member states. Working hours worked in other EU countries are counted towards the domestic pension entitlement. However, those who have raised children abroad sometimes have to fight for their periods to be counted towards their pension entitlement.	EU citizens enjoy freedom of movement - they have the right to move freely between member states. Working hours carried out in other EU countries are counted towards the domestic pension entitlement. But those who have raised children abroad sometimes have to fight for their periods to be counted towards their pension entitlement.
6	So erging es auch einer Frau aus dem deutsch-niederländischen Grenzgebiet: Sie hat vor dem Landessozialgericht Nordrhein-Westfalen geklagt, weil die Deutsche Rentenversicherung ihre Kindererziehungszeit in den Niederlanden nicht anrechnen wollte. Die Klägerin wohnte viele Jahre in den Niederlanden in der Nähe von Aachen. Ihre Ausbildung hatte sie als Grenzgängerin in Aachen absolviert, war aber nie sozialversicherungspflichtig tätig. Sie bekam zwei Kinder, die sie in den Niederlanden aufgezogen hatte und war währenddessen nicht berufstätig. Erst viele Jahre später zog sie nach Deutschland und zahlte dann erstmals in die Rentenkasse ein.	This is a fake reference.	This is what happened to a woman from the German-Dutch border area: She filed a lawsuit before the Regional Social Court of North Rhine-Westphalia because the German pension insurance did not want to take into account her child-rearing time in the Netherlands. The plaintiff lived for many years in the Netherlands, near Aachen. She had completed her training as a cross-border commuter in Aachen, but was never subject to social security contributions. She had two children whom she had raised in the Netherlands and was not working during this time. It was not until many years later that she moved to Germany and paid into the pension fund for the first time.	This is what happened to a woman from the German-Dutch border area: She sued the state social court of North Rhine-Westphalia because the German pension insurance did not want to take into account the time she spent raising children in the Netherlands. The plaintiff lived in the Netherlands near Aachen for many years. She completed her training as a cross-border commuter in Aachen, but was never subject to social security contributions. She had two children who she raised in the Netherlands and did not work during this time. It was only many years later that she moved to Germany and then paid into the pension fund for the first time.
6	<h2>Kein Unterschied zwischen Erziehung im In- und Ausland</h2>	This is a fake reference.	<h2>No difference between education at home and abroad</h2>	<h2>No difference between education at home and abroad</h2>
6	Als die Frau erwerbsunfähig wurde, rechnete die Deutsche Rentenversicherung die Kindererziehungszeit in den Niederlanden nicht auf ihren Rentenanspruch an. Der Europäische Gerichtshof sieht das anders: Für die Anrechnung kommt es darauf an, ob zwischen der Kindererziehungszeit im Ausland und der Versicherungszeit im Inland eine "hinreichende Verbindung" besteht.	This is a fake reference.	When the woman became unable to work, the German pension insurance did not count the child-rearing period in the Netherlands against her pension entitlement. The European Court of Justice takes a different view: for the purposes of crediting, it depends on whether there is a "sufficient connection" between the child-rearing period abroad and the insurance period in Germany.	When the woman became unable to work, the German pension insurance did not count the time spent raising children in the Netherlands towards her pension entitlement. The European Court of Justice sees it differently: For the credit to be taken into account, it depends on whether there is a “sufficient connection” between the time spent raising children abroad and the insurance time at home.
6	Dieses Kriterium hat der EuGH bereits in früheren Entscheidungen entwickelt. Deswegen war schon länger klar, dass grundsätzlich auch Kindererziehungszeiten im EU-Ausland bei der Rentenberechnung berücksichtigt werden müssen. Neu ist aber, dass eine "hinreichende Verbindung" selbst dann besteht, wenn die Betroffene vor der Kindererziehungszeit im Ausland keine Beiträge in die Rentenversicherung eingezahlt hat.	This is a fake reference.	This criterion has already been developed by the ECJ in previous decisions. For this reason, it has been clear for some time that child-rearing periods in other EU countries must also be taken into account when calculating pensions. What is new, however, is that there is a "sufficient connection" even if the person concerned did not pay any contributions to the pension insurance scheme before the child-rearing period abroad.	The ECJ has already developed this criterion in previous decisions. It has therefore been clear for some time that, in principle, periods spent raising children in other EU countries must also be taken into account when calculating pensions. What is new, however, is that there is a “sufficient connection” even if the person concerned did not pay any contributions to the pension insurance before raising children abroad.
7	EuGH-Urteil stärkt Eltern	This is a fake reference.	ECJ ruling strengthens parents	ECJ ruling strengthens parents
7	<h1>Erziehungszeit im EU-Ausland zählt für Rente</h1>	This is a fake reference.	<h1>Parental leave in another EU country counts towards pension</h1>	<h1>Parenting time in another EU country counts towards your pension</h1>
7	Stand: 22.02.2024 16:49 Uhr	This is a fake reference.	Last updated: 22.02.2024 16:49	As of: February 22, 2024 4:49 p.m
7	<emph>Erziehungszeiten im EU-Ausland können laut EuGH auch dann bei der Rente berücksichtigt werden, wenn zuvor nicht in die deutsche Rentenkasse eingezahlt wurde. Konkret ging es um eine Deutsche, die lange in den Niederlanden wohnte.</emph>	This is a fake reference.	<emph>According to the ECJ, child-rearing periods in other EU countries can also be taken into account in the pension if no previous payment has been made into the German pension fund. Specifically, it was about a German woman who had lived in the Netherlands for a long time.</emph>	<emph>According to the ECJ, parenting periods in other EU countries can be taken into account in the pension even if they have not previously been paid into the German pension fund. Specifically, it was about a German woman who had lived in the Netherlands for a long time.</emph>
7	Von Alena Lagmöller, ARD-Rechtsredaktion	This is a fake reference.	By Alena Lagmöller, ARD legal department	By Alena Lagmöller, ARD Legal Editor
7	EU-Bürger genießen Freizügigkeit - sie haben das Recht, sich frei zwischen den Mitgliedsstaaten zu bewegen. Arbeitszeiten, die im EU-Ausland verrichtet werden, werden auf den inländischen Rentenanspruch angerechnet.Doch wer im Ausland Kinder erzogen hat, der muss mitunter um eine Anrechnung der Zeiten auf den Rentenanspruch kämpfen.	This is a fake reference.	EU citizens enjoy freedom of movement - they have the right to move freely between member states. Working hours worked in other EU countries are counted towards the domestic pension entitlement. However, those who have raised children abroad sometimes have to fight for their periods to be counted towards their pension entitlement.	EU citizens enjoy freedom of movement - they have the right to move freely between member states. Working hours carried out in other EU countries are counted towards the domestic pension entitlement. But those who have raised children abroad sometimes have to fight for their periods to be counted towards their pension entitlement.
7	So erging es auch einer Frau aus dem deutsch-niederländischen Grenzgebiet: Sie hat vor dem Landessozialgericht Nordrhein-Westfalen geklagt, weil die Deutsche Rentenversicherung ihre Kindererziehungszeit in den Niederlanden nicht anrechnen wollte. Die Klägerin wohnte viele Jahre in den Niederlanden in der Nähe von Aachen. Ihre Ausbildung hatte sie als Grenzgängerin in Aachen absolviert, war aber nie sozialversicherungspflichtig tätig. Sie bekam zwei Kinder, die sie in den Niederlanden aufgezogen hatte und war währenddessen nicht berufstätig. Erst viele Jahre später zog sie nach Deutschland und zahlte dann erstmals in die Rentenkasse ein.	This is a fake reference.	This is what happened to a woman from the German-Dutch border area: She filed a lawsuit before the Regional Social Court of North Rhine-Westphalia because the German pension insurance did not want to take into account her child-rearing time in the Netherlands. The plaintiff lived for many years in the Netherlands, near Aachen. She had completed her training as a cross-border commuter in Aachen, but was never subject to social security contributions. She had two children whom she had raised in the Netherlands and was not working during this time. It was not until many years later that she moved to Germany and paid into the pension fund for the first time.	This is what happened to a woman from the German-Dutch border area: She sued the state social court of North Rhine-Westphalia because the German pension insurance did not want to take into account the time she spent raising children in the Netherlands. The plaintiff lived in the Netherlands near Aachen for many years. She completed her training as a cross-border commuter in Aachen, but was never subject to social security contributions. She had two children who she raised in the Netherlands and did not work during this time. It was only many years later that she moved to Germany and then paid into the pension fund for the first time.
7	<h2>Kein Unterschied zwischen Erziehung im In- und Ausland</h2>	This is a fake reference.	<h2>No difference between education at home and abroad</h2>	<h2>No difference between education at home and abroad</h2>
7	Als die Frau erwerbsunfähig wurde, rechnete die Deutsche Rentenversicherung die Kindererziehungszeit in den Niederlanden nicht auf ihren Rentenanspruch an. Der Europäische Gerichtshof sieht das anders: Für die Anrechnung kommt es darauf an, ob zwischen der Kindererziehungszeit im Ausland und der Versicherungszeit im Inland eine "hinreichende Verbindung" besteht.	This is a fake reference.	When the woman became unable to work, the German pension insurance did not count the child-rearing period in the Netherlands against her pension entitlement. The European Court of Justice takes a different view: for the purposes of crediting, it depends on whether there is a "sufficient connection" between the child-rearing period abroad and the insurance period in Germany.	When the woman became unable to work, the German pension insurance did not count the time spent raising children in the Netherlands towards her pension entitlement. The European Court of Justice sees it differently: For the credit to be taken into account, it depends on whether there is a “sufficient connection” between the time spent raising children abroad and the insurance time at home.
7	Dieses Kriterium hat der EuGH bereits in früheren Entscheidungen entwickelt. Deswegen war schon länger klar, dass grundsätzlich auch Kindererziehungszeiten im EU-Ausland bei der Rentenberechnung berücksichtigt werden müssen. Neu ist aber, dass eine "hinreichende Verbindung" selbst dann besteht, wenn die Betroffene vor der Kindererziehungszeit im Ausland keine Beiträge in die Rentenversicherung eingezahlt hat.	This is a fake reference.	This criterion has already been developed by the ECJ in previous decisions. For this reason, it has been clear for some time that child-rearing periods in other EU countries must also be taken into account when calculating pensions. What is new, however, is that there is a "sufficient connection" even if the person concerned did not pay any contributions to the pension insurance scheme before the child-rearing period abroad.	The ECJ has already developed this criterion in previous decisions. It has therefore been clear for some time that, in principle, periods spent raising children in other EU countries must also be taken into account when calculating pensions. What is new, however, is that there is a “sufficient connection” even if the person concerned did not pay any contributions to the pension insurance before raising children abroad.
8	EuGH-Urteil stärkt Eltern	This is a fake reference.	ECJ ruling strengthens parents	ECJ ruling strengthens parents
8	<h1>Erziehungszeit im EU-Ausland zählt für Rente</h1>	This is a fake reference.	<h1>Parental leave in another EU country counts towards pension</h1>	<h1>Parenting time in another EU country counts towards your pension</h1>
8	Stand: 22.02.2024 16:49 Uhr	This is a fake reference.	Last updated: 22.02.2024 16:49	As of: February 22, 2024 4:49 p.m
8	<emph>Erziehungszeiten im EU-Ausland können laut EuGH auch dann bei der Rente berücksichtigt werden, wenn zuvor nicht in die deutsche Rentenkasse eingezahlt wurde. Konkret ging es um eine Deutsche, die lange in den Niederlanden wohnte.</emph>	This is a fake reference.	<emph>According to the ECJ, child-rearing periods in other EU countries can also be taken into account in the pension if no previous payment has been made into the German pension fund. Specifically, it was about a German woman who had lived in the Netherlands for a long time.</emph>	<emph>According to the ECJ, parenting periods in other EU countries can be taken into account in the pension even if they have not previously been paid into the German pension fund. Specifically, it was about a German woman who had lived in the Netherlands for a long time.</emph>
8	Von Alena Lagmöller, ARD-Rechtsredaktion	This is a fake reference.	By Alena Lagmöller, ARD legal department	By Alena Lagmöller, ARD Legal Editor
8	EU-Bürger genießen Freizügigkeit - sie haben das Recht, sich frei zwischen den Mitgliedsstaaten zu bewegen. Arbeitszeiten, die im EU-Ausland verrichtet werden, werden auf den inländischen Rentenanspruch angerechnet.Doch wer im Ausland Kinder erzogen hat, der muss mitunter um eine Anrechnung der Zeiten auf den Rentenanspruch kämpfen.	This is a fake reference.	EU citizens enjoy freedom of movement - they have the right to move freely between member states. Working hours worked in other EU countries are counted towards the domestic pension entitlement. However, those who have raised children abroad sometimes have to fight for their periods to be counted towards their pension entitlement.	EU citizens enjoy freedom of movement - they have the right to move freely between member states. Working hours carried out in other EU countries are counted towards the domestic pension entitlement. But those who have raised children abroad sometimes have to fight for their periods to be counted towards their pension entitlement.
8	So erging es auch einer Frau aus dem deutsch-niederländischen Grenzgebiet: Sie hat vor dem Landessozialgericht Nordrhein-Westfalen geklagt, weil die Deutsche Rentenversicherung ihre Kindererziehungszeit in den Niederlanden nicht anrechnen wollte. Die Klägerin wohnte viele Jahre in den Niederlanden in der Nähe von Aachen. Ihre Ausbildung hatte sie als Grenzgängerin in Aachen absolviert, war aber nie sozialversicherungspflichtig tätig. Sie bekam zwei Kinder, die sie in den Niederlanden aufgezogen hatte und war währenddessen nicht berufstätig. Erst viele Jahre später zog sie nach Deutschland und zahlte dann erstmals in die Rentenkasse ein.	This is a fake reference.	This is what happened to a woman from the German-Dutch border area: She filed a lawsuit before the Regional Social Court of North Rhine-Westphalia because the German pension insurance did not want to take into account her child-rearing time in the Netherlands. The plaintiff lived for many years in the Netherlands, near Aachen. She had completed her training as a cross-border commuter in Aachen, but was never subject to social security contributions. She had two children whom she had raised in the Netherlands and was not working during this time. It was not until many years later that she moved to Germany and paid into the pension fund for the first time.	This is what happened to a woman from the German-Dutch border area: She sued the state social court of North Rhine-Westphalia because the German pension insurance did not want to take into account the time she spent raising children in the Netherlands. The plaintiff lived in the Netherlands near Aachen for many years. She completed her training as a cross-border commuter in Aachen, but was never subject to social security contributions. She had two children who she raised in the Netherlands and did not work during this time. It was only many years later that she moved to Germany and then paid into the pension fund for the first time.
8	<h2>Kein Unterschied zwischen Erziehung im In- und Ausland</h2>	This is a fake reference.	<h2>No difference between education at home and abroad</h2>	<h2>No difference between education at home and abroad</h2>
8	Als die Frau erwerbsunfähig wurde, rechnete die Deutsche Rentenversicherung die Kindererziehungszeit in den Niederlanden nicht auf ihren Rentenanspruch an. Der Europäische Gerichtshof sieht das anders: Für die Anrechnung kommt es darauf an, ob zwischen der Kindererziehungszeit im Ausland und der Versicherungszeit im Inland eine "hinreichende Verbindung" besteht.	This is a fake reference.	When the woman became unable to work, the German pension insurance did not count the child-rearing period in the Netherlands against her pension entitlement. The European Court of Justice takes a different view: for the purposes of crediting, it depends on whether there is a "sufficient connection" between the child-rearing period abroad and the insurance period in Germany.	When the woman became unable to work, the German pension insurance did not count the time spent raising children in the Netherlands towards her pension entitlement. The European Court of Justice sees it differently: For the credit to be taken into account, it depends on whether there is a “sufficient connection” between the time spent raising children abroad and the insurance time at home.
8	Dieses Kriterium hat der EuGH bereits in früheren Entscheidungen entwickelt. Deswegen war schon länger klar, dass grundsätzlich auch Kindererziehungszeiten im EU-Ausland bei der Rentenberechnung berücksichtigt werden müssen. Neu ist aber, dass eine "hinreichende Verbindung" selbst dann besteht, wenn die Betroffene vor der Kindererziehungszeit im Ausland keine Beiträge in die Rentenversicherung eingezahlt hat.	This is a fake reference.	This criterion has already been developed by the ECJ in previous decisions. For this reason, it has been clear for some time that child-rearing periods in other EU countries must also be taken into account when calculating pensions. What is new, however, is that there is a "sufficient connection" even if the person concerned did not pay any contributions to the pension insurance scheme before the child-rearing period abroad.	The ECJ has already developed this criterion in previous decisions. It has therefore been clear for some time that, in principle, periods spent raising children in other EU countries must also be taken into account when calculating pensions. What is new, however, is that there is a “sufficient connection” even if the person concerned did not pay any contributions to the pension insurance before raising children abroad.
9	EuGH-Urteil stärkt Eltern	This is a fake reference.	ECJ ruling strengthens parents	ECJ ruling strengthens parents
9	<h1>Erziehungszeit im EU-Ausland zählt für Rente</h1>	This is a fake reference.	<h1>Parental leave in another EU country counts towards pension</h1>	<h1>Parenting time in another EU country counts towards your pension</h1>
9	Stand: 22.02.2024 16:49 Uhr	This is a fake reference.	Last updated: 22.02.2024 16:49	As of: February 22, 2024 4:49 p.m
9	<emph>Erziehungszeiten im EU-Ausland können laut EuGH auch dann bei der Rente berücksichtigt werden, wenn zuvor nicht in die deutsche Rentenkasse eingezahlt wurde. Konkret ging es um eine Deutsche, die lange in den Niederlanden wohnte.</emph>	This is a fake reference.	<emph>According to the ECJ, child-rearing periods in other EU countries can also be taken into account in the pension if no previous payment has been made into the German pension fund. Specifically, it was about a German woman who had lived in the Netherlands for a long time.</emph>	<emph>According to the ECJ, parenting periods in other EU countries can be taken into account in the pension even if they have not previously been paid into the German pension fund. Specifically, it was about a German woman who had lived in the Netherlands for a long time.</emph>
9	Von Alena Lagmöller, ARD-Rechtsredaktion	This is a fake reference.	By Alena Lagmöller, ARD legal department	By Alena Lagmöller, ARD Legal Editor
9	EU-Bürger genießen Freizügigkeit - sie haben das Recht, sich frei zwischen den Mitgliedsstaaten zu bewegen. Arbeitszeiten, die im EU-Ausland verrichtet werden, werden auf den inländischen Rentenanspruch angerechnet.Doch wer im Ausland Kinder erzogen hat, der muss mitunter um eine Anrechnung der Zeiten auf den Rentenanspruch kämpfen.	This is a fake reference.	EU citizens enjoy freedom of movement - they have the right to move freely between member states. Working hours worked in other EU countries are counted towards the domestic pension entitlement. However, those who have raised children abroad sometimes have to fight for their periods to be counted towards their pension entitlement.	EU citizens enjoy freedom of movement - they have the right to move freely between member states. Working hours carried out in other EU countries are counted towards the domestic pension entitlement. But those who have raised children abroad sometimes have to fight for their periods to be counted towards their pension entitlement.
9	So erging es auch einer Frau aus dem deutsch-niederländischen Grenzgebiet: Sie hat vor dem Landessozialgericht Nordrhein-Westfalen geklagt, weil die Deutsche Rentenversicherung ihre Kindererziehungszeit in den Niederlanden nicht anrechnen wollte. Die Klägerin wohnte viele Jahre in den Niederlanden in der Nähe von Aachen. Ihre Ausbildung hatte sie als Grenzgängerin in Aachen absolviert, war aber nie sozialversicherungspflichtig tätig. Sie bekam zwei Kinder, die sie in den Niederlanden aufgezogen hatte und war währenddessen nicht berufstätig. Erst viele Jahre später zog sie nach Deutschland und zahlte dann erstmals in die Rentenkasse ein.	This is a fake reference.	This is what happened to a woman from the German-Dutch border area: She filed a lawsuit before the Regional Social Court of North Rhine-Westphalia because the German pension insurance did not want to take into account her child-rearing time in the Netherlands. The plaintiff lived for many years in the Netherlands, near Aachen. She had completed her training as a cross-border commuter in Aachen, but was never subject to social security contributions. She had two children whom she had raised in the Netherlands and was not working during this time. It was not until many years later that she moved to Germany and paid into the pension fund for the first time.	This is what happened to a woman from the German-Dutch border area: She sued the state social court of North Rhine-Westphalia because the German pension insurance did not want to take into account the time she spent raising children in the Netherlands. The plaintiff lived in the Netherlands near Aachen for many years. She completed her training as a cross-border commuter in Aachen, but was never subject to social security contributions. She had two children who she raised in the Netherlands and did not work during this time. It was only many years later that she moved to Germany and then paid into the pension fund for the first time.
9	<h2>Kein Unterschied zwischen Erziehung im In- und Ausland</h2>	This is a fake reference.	<h2>No difference between education at home and abroad</h2>	<h2>No difference between education at home and abroad</h2>
9	Als die Frau erwerbsunfähig wurde, rechnete die Deutsche Rentenversicherung die Kindererziehungszeit in den Niederlanden nicht auf ihren Rentenanspruch an. Der Europäische Gerichtshof sieht das anders: Für die Anrechnung kommt es darauf an, ob zwischen der Kindererziehungszeit im Ausland und der Versicherungszeit im Inland eine "hinreichende Verbindung" besteht.	This is a fake reference.	When the woman became unable to work, the German pension insurance did not count the child-rearing period in the Netherlands against her pension entitlement. The European Court of Justice takes a different view: for the purposes of crediting, it depends on whether there is a "sufficient connection" between the child-rearing period abroad and the insurance period in Germany.	When the woman became unable to work, the German pension insurance did not count the time spent raising children in the Netherlands towards her pension entitlement. The European Court of Justice sees it differently: For the credit to be taken into account, it depends on whether there is a “sufficient connection” between the time spent raising children abroad and the insurance time at home.
9	Dieses Kriterium hat der EuGH bereits in früheren Entscheidungen entwickelt. Deswegen war schon länger klar, dass grundsätzlich auch Kindererziehungszeiten im EU-Ausland bei der Rentenberechnung berücksichtigt werden müssen. Neu ist aber, dass eine "hinreichende Verbindung" selbst dann besteht, wenn die Betroffene vor der Kindererziehungszeit im Ausland keine Beiträge in die Rentenversicherung eingezahlt hat.	This is a fake reference.	This criterion has already been developed by the ECJ in previous decisions. For this reason, it has been clear for some time that child-rearing periods in other EU countries must also be taken into account when calculating pensions. What is new, however, is that there is a "sufficient connection" even if the person concerned did not pay any contributions to the pension insurance scheme before the child-rearing period abroad.	The ECJ has already developed this criterion in previous decisions. It has therefore been clear for some time that, in principle, periods spent raising children in other EU countries must also be taken into account when calculating pensions. What is new, however, is that there is a “sufficient connection” even if the person concerned did not pay any contributions to the pension insurance before raising children abroad.
10	EuGH-Urteil stärkt Eltern	This is a fake reference.	ECJ ruling strengthens parents	ECJ ruling strengthens parents
10	<h1>Erziehungszeit im EU-Ausland zählt für Rente</h1>	This is a fake reference.	<h1>Parental leave in another EU country counts towards pension</h1>	<h1>Parenting time in another EU country counts towards your pension</h1>
10	Stand: 22.02.2024 16:49 Uhr	This is a fake reference.	Last updated: 22.02.2024 16:49	As of: February 22, 2024 4:49 p.m
10	<emph>Erziehungszeiten im EU-Ausland können laut EuGH auch dann bei der Rente berücksichtigt werden, wenn zuvor nicht in die deutsche Rentenkasse eingezahlt wurde. Konkret ging es um eine Deutsche, die lange in den Niederlanden wohnte.</emph>	This is a fake reference.	<emph>According to the ECJ, child-rearing periods in other EU countries can also be taken into account in the pension if no previous payment has been made into the German pension fund. Specifically, it was about a German woman who had lived in the Netherlands for a long time.</emph>	<emph>According to the ECJ, parenting periods in other EU countries can be taken into account in the pension even if they have not previously been paid into the German pension fund. Specifically, it was about a German woman who had lived in the Netherlands for a long time.</emph>
10	Von Alena Lagmöller, ARD-Rechtsredaktion	This is a fake reference.	By Alena Lagmöller, ARD legal department	By Alena Lagmöller, ARD Legal Editor
10	EU-Bürger genießen Freizügigkeit - sie haben das Recht, sich frei zwischen den Mitgliedsstaaten zu bewegen. Arbeitszeiten, die im EU-Ausland verrichtet werden, werden auf den inländischen Rentenanspruch angerechnet.Doch wer im Ausland Kinder erzogen hat, der muss mitunter um eine Anrechnung der Zeiten auf den Rentenanspruch kämpfen.	This is a fake reference.	EU citizens enjoy freedom of movement - they have the right to move freely between member states. Working hours worked in other EU countries are counted towards the domestic pension entitlement. However, those who have raised children abroad sometimes have to fight for their periods to be counted towards their pension entitlement.	EU citizens enjoy freedom of movement - they have the right to move freely between member states. Working hours carried out in other EU countries are counted towards the domestic pension entitlement. But those who have raised children abroad sometimes have to fight for their periods to be counted towards their pension entitlement.
10	So erging es auch einer Frau aus dem deutsch-niederländischen Grenzgebiet: Sie hat vor dem Landessozialgericht Nordrhein-Westfalen geklagt, weil die Deutsche Rentenversicherung ihre Kindererziehungszeit in den Niederlanden nicht anrechnen wollte. Die Klägerin wohnte viele Jahre in den Niederlanden in der Nähe von Aachen. Ihre Ausbildung hatte sie als Grenzgängerin in Aachen absolviert, war aber nie sozialversicherungspflichtig tätig. Sie bekam zwei Kinder, die sie in den Niederlanden aufgezogen hatte und war währenddessen nicht berufstätig. Erst viele Jahre später zog sie nach Deutschland und zahlte dann erstmals in die Rentenkasse ein.	This is a fake reference.	This is what happened to a woman from the German-Dutch border area: She filed a lawsuit before the Regional Social Court of North Rhine-Westphalia because the German pension insurance did not want to take into account her child-rearing time in the Netherlands. The plaintiff lived for many years in the Netherlands, near Aachen. She had completed her training as a cross-border commuter in Aachen, but was never subject to social security contributions. She had two children whom she had raised in the Netherlands and was not working during this time. It was not until many years later that she moved to Germany and paid into the pension fund for the first time.	This is what happened to a woman from the German-Dutch border area: She sued the state social court of North Rhine-Westphalia because the German pension insurance did not want to take into account the time she spent raising children in the Netherlands. The plaintiff lived in the Netherlands near Aachen for many years. She completed her training as a cross-border commuter in Aachen, but was never subject to social security contributions. She had two children who she raised in the Netherlands and did not work during this time. It was only many years later that she moved to Germany and then paid into the pension fund for the first time.
10	<h2>Kein Unterschied zwischen Erziehung im In- und Ausland</h2>	This is a fake reference.	<h2>No difference between education at home and abroad</h2>	<h2>No difference between education at home and abroad</h2>
10	Als die Frau erwerbsunfähig wurde, rechnete die Deutsche Rentenversicherung die Kindererziehungszeit in den Niederlanden nicht auf ihren Rentenanspruch an. Der Europäische Gerichtshof sieht das anders: Für die Anrechnung kommt es darauf an, ob zwischen der Kindererziehungszeit im Ausland und der Versicherungszeit im Inland eine "hinreichende Verbindung" besteht.	This is a fake reference.	When the woman became unable to work, the German pension insurance did not count the child-rearing period in the Netherlands against her pension entitlement. The European Court of Justice takes a different view: for the purposes of crediting, it depends on whether there is a "sufficient connection" between the child-rearing period abroad and the insurance period in Germany.	When the woman became unable to work, the German pension insurance did not count the time spent raising children in the Netherlands towards her pension entitlement. The European Court of Justice sees it differently: For the credit to be taken into account, it depends on whether there is a “sufficient connection” between the time spent raising children abroad and the insurance time at home.
10	Dieses Kriterium hat der EuGH bereits in früheren Entscheidungen entwickelt. Deswegen war schon länger klar, dass grundsätzlich auch Kindererziehungszeiten im EU-Ausland bei der Rentenberechnung berücksichtigt werden müssen. Neu ist aber, dass eine "hinreichende Verbindung" selbst dann besteht, wenn die Betroffene vor der Kindererziehungszeit im Ausland keine Beiträge in die Rentenversicherung eingezahlt hat.	This is a fake reference.	This criterion has already been developed by the ECJ in previous decisions. For this reason, it has been clear for some time that child-rearing periods in other EU countries must also be taken into account when calculating pensions. What is new, however, is that there is a "sufficient connection" even if the person concerned did not pay any contributions to the pension insurance scheme before the child-rearing period abroad.	The ECJ has already developed this criterion in previous decisions. It has therefore been clear for some time that, in principle, periods spent raising children in other EU countries must also be taken into account when calculating pensions. What is new, however, is that there is a “sufficient connection” even if the person concerned did not pay any contributions to the pension insurance before raising children abroad.
